region_name,month_date,year,month,total_deaths
Midwest,2015-01-01,2015,January,85.0
Midwest,2015-02-01,2015,February,183.0
Midwest,2015-03-01,2015,March,318.0
Midwest,2015-04-01,2015,April,1050.0
Midwest,2015-05-01,2015,May,1135.0
Midwest,2015-06-01,2015,June,1167.0
Midwest,2015-07-01,2015,July,1224.0
Midwest,2015-08-01,2015,August,1272.0
Midwest,2015-09-01,2015,September,1358.0
Midwest,2015-10-01,2015,October,1457.0
Midwest,2015-11-01,2015,November,1541.0
Midwest,2015-12-01,2015,December,1610.0
Midwest,2016-01-01,2016,January,1720.0
Midwest,2016-02-01,2016,February,1964.0
Midwest,2016-03-01,2016,March,2117.0
Midwest,2016-04-01,2016,April,2265.0
Midwest,2016-05-01,2016,May,2474.0
Midwest,2016-06-01,2016,June,2655.0
Midwest,2016-07-01,2016,July,2848.0
Midwest,2016-08-01,2016,August,3002.0
Midwest,2016-09-01,2016,September,3169.0
Midwest,2016-10-01,2016,October,3270.0
Midwest,2016-11-01,2016,November,3407.0
Midwest,2016-12-01,2016,December,3620.0
Midwest,2017-01-01,2017,January,3890.0
Midwest,2017-02-01,2017,February,4153.0
Midwest,2017-03-01,2017,March,4219.0
Midwest,2017-04-01,2017,April,4386.0
Midwest,2017-05-01,2017,May,4538.0
Midwest,2017-06-01,2017,June,4678.0
Midwest,2017-07-01,2017,July,4795.0
Midwest,2017-08-01,2017,August,4935.0
Midwest,2017-09-01,2017,September,5136.0
Midwest,2017-10-01,2017,October,5278.0
Midwest,2017-11-01,2017,November,6050.0
Midwest,2017-12-01,2017,December,5419.0
Midwest,2018-01-01,2018,January,5278.0
Midwest,2018-02-01,2018,February,5801.0
Midwest,2018-03-01,2018,March,5853.0
Midwest,2018-04-01,2018,April,5098.0
Midwest,2018-05-01,2018,May,5089.0
Midwest,2018-06-01,2018,June,5081.0
Midwest,2018-07-01,2018,July,5122.0
Midwest,2018-08-01,2018,August,5152.0
Midwest,2018-09-01,2018,September,5065.0
Midwest,2018-10-01,2018,October,7419.0
Midwest,2018-11-01,2018,November,7375.0
Midwest,2018-12-01,2018,December,7445.0
Midwest,2019-01-01,2019,January,7450.0
Midwest,2019-02-01,2019,February,7404.0
Midwest,2019-03-01,2019,March,8133.0
Midwest,2019-04-01,2019,April,8171.0
Midwest,2019-05-01,2019,May,8308.0
Midwest,2019-06-01,2019,June,8298.0
Midwest,2019-07-01,2019,July,8317.0
Midwest,2019-08-01,2019,August,8431.0
Midwest,2019-09-01,2019,September,7131.0
Midwest,2019-10-01,2019,October,7213.0
Midwest,2019-11-01,2019,November,7413.0
Midwest,2019-12-01,2019,December,7540.0
Midwest,2020-01-01,2020,January,7731.0
Midwest,2020-02-01,2020,February,8004.0
Midwest,2020-03-01,2020,March,8122.0
Midwest,2020-04-01,2020,April,8501.0
Midwest,2020-05-01,2020,May,10774.0
Midwest,2020-06-01,2020,June,11347.0
Midwest,2020-07-01,2020,July,9938.0
Midwest,2020-08-01,2020,August,10128.0
Midwest,2020-09-01,2020,September,12212.0
Midwest,2020-10-01,2020,October,12431.0
Midwest,2020-11-01,2020,November,12552.0
Midwest,2020-12-01,2020,December,12806.0
Midwest,2021-01-01,2021,January,13149.0
Midwest,2021-02-01,2021,February,13888.0
Midwest,2021-03-01,2021,March,13640.0
Midwest,2021-04-01,2021,April,13910.0
Midwest,2021-05-01,2021,May,14405.0
Midwest,2021-06-01,2021,June,14331.0
Midwest,2021-07-01,2021,July,14545.0
Midwest,2021-08-01,2021,August,14850.0
Midwest,2021-09-01,2021,September,15034.0
Midwest,2021-10-01,2021,October,15219.0
Midwest,2021-11-01,2021,November,15429.0
Midwest,2021-12-01,2021,December,15571.0
Midwest,2022-01-01,2022,January,15839.0
Midwest,2022-02-01,2022,February,16024.0
Midwest,2022-03-01,2022,March,15790.0
Midwest,2022-04-01,2022,April,15556.0
Midwest,2022-05-01,2022,May,15416.0
Midwest,2022-06-01,2022,June,15427.0
Midwest,2022-07-01,2022,July,15357.0
Midwest,2022-08-01,2022,August,15357.0
Midwest,2022-09-01,2022,September,15283.0
Midwest,2022-10-01,2022,October,15380.0
Midwest,2022-11-01,2022,November,15410.0
Midwest,2022-12-01,2022,December,15458.0
Midwest,2023-01-01,2023,January,15408.0
Midwest,2023-02-01,2023,February,15403.0
Midwest,2023-03-01,2023,March,15538.0
Midwest,2023-04-01,2023,April,15606.0
Midwest,2023-05-01,2023,May,15735.0
Midwest,2023-06-01,2023,June,15674.0
Midwest,2023-07-01,2023,July,15545.0
Midwest,2023-08-01,2023,August,15405.0
Midwest,2023-09-01,2023,September,15288.0
Midwest,2023-10-01,2023,October,14927.0
Midwest,2023-11-01,2023,November,14584.0
Midwest,2023-12-01,2023,December,14292.0
Midwest,2024-01-01,2024,January,13869.0
Midwest,2024-02-01,2024,February,13490.0
Midwest,2024-03-01,2024,March,13001.0
Midwest,2024-04-01,2024,April,12545.0
Midwest,2024-05-01,2024,May,11987.0
Midwest,2024-06-01,2024,June,11470.0
Midwest,2024-07-01,2024,July,10999.0
Midwest,2024-08-01,2024,August,10540.0
Midwest,2024-09-01,2024,September,10007.0
Midwest,2024-10-01,2024,October,9442.0
Midwest,2024-11-01,2024,November,9048.0
Midwest,2024-12-01,2024,December,8579.0
Midwest,2025-01-01,2025,January,8246.0
Midwest,2025-02-01,2025,February,8045.0
Midwest,2025-03-01,2025,March,7790.0
Midwest,2025-04-01,2025,April,7465.0
Midwest,2025-05-01,2025,May,7250.0
Midwest,2025-06-01,2025,June,7139.0
Midwest,2025-07-01,2025,July,6916.0
Midwest,2025-08-01,2025,August,6685.0
Midwest,2025-09-01,2025,September,6550.0
Midwest,2025-10-01,2025,October,6464.0
Midwest,2025-11-01,2025,November,6386.0
Midwest,2025-12-01,2025,December,6270.0
Midwest,2026-01-01,2026,January,6166.0
Midwest,2026-02-01,2026,February,5999.0
Midwest,2026-03-01,2026,March,5875.0
Midwest,2026-04-01,2026,April,5829.0
Northeast,2015-01-01,2015,January,699.0
Northeast,2015-02-01,2015,February,741.0
Northeast,2015-03-01,2015,March,791.0
Northeast,2015-04-01,2015,April,884.0
Northeast,2015-05-01,2015,May,937.0
Northeast,2015-06-01,2015,June,987.0
Northeast,2015-07-01,2015,July,1076.0
Northeast,2015-08-01,2015,August,1140.0
Northeast,2015-09-01,2015,September,1215.0
Northeast,2015-10-01,2015,October,1268.0
Northeast,2015-11-01,2015,November,1345.0
Northeast,2015-12-01,2015,December,2285.0
Northeast,2016-01-01,2016,January,2349.0
Northeast,2016-02-01,2016,February,2476.0
Northeast,2016-03-01,2016,March,2603.0
Northeast,2016-04-01,2016,April,2746.0
Northeast,2016-05-01,2016,May,2908.0
Northeast,2016-06-01,2016,June,3092.0
Northeast,2016-07-01,2016,July,3250.0
Northeast,2016-08-01,2016,August,3388.0
Northeast,2016-09-01,2016,September,3523.0
Northeast,2016-10-01,2016,October,3631.0
Northeast,2016-11-01,2016,November,3770.0
Northeast,2016-12-01,2016,December,3969.0
Northeast,2017-01-01,2017,January,4120.0
Northeast,2017-02-01,2017,February,4186.0
Northeast,2017-03-01,2017,March,4281.0
Northeast,2017-04-01,2017,April,4305.0
Northeast,2017-05-01,2017,May,4361.0
Northeast,2017-06-01,2017,June,4401.0
Northeast,2017-07-01,2017,July,4487.0
Northeast,2017-08-01,2017,August,4570.0
Northeast,2017-09-01,2017,September,4650.0
Northeast,2017-10-01,2017,October,4671.0
Northeast,2017-11-01,2017,November,4657.0
Northeast,2017-12-01,2017,December,4736.0
Northeast,2018-01-01,2018,January,4757.0
Northeast,2018-02-01,2018,February,4755.0
Northeast,2018-03-01,2018,March,4757.0
Northeast,2018-04-01,2018,April,4761.0
Northeast,2018-05-01,2018,May,4813.0
Northeast,2018-06-01,2018,June,6643.0
Northeast,2018-07-01,2018,July,6754.0
Northeast,2018-08-01,2018,August,6862.0
Northeast,2018-09-01,2018,September,6869.0
Northeast,2018-10-01,2018,October,7018.0
Northeast,2018-11-01,2018,November,7103.0
Northeast,2018-12-01,2018,December,7101.0
Northeast,2019-01-01,2019,January,7019.0
Northeast,2019-02-01,2019,February,7084.0
Northeast,2019-03-01,2019,March,7065.0
Northeast,2019-04-01,2019,April,7018.0
Northeast,2019-05-01,2019,May,6967.0
Northeast,2019-06-01,2019,June,6962.0
Northeast,2019-07-01,2019,July,6975.0
Northeast,2019-08-01,2019,August,7060.0
Northeast,2019-09-01,2019,September,7084.0
Northeast,2019-10-01,2019,October,7143.0
Northeast,2019-11-01,2019,November,7227.0
Northeast,2019-12-01,2019,December,7325.0
Northeast,2020-01-01,2020,January,7494.0
Northeast,2020-02-01,2020,February,7596.0
Northeast,2020-03-01,2020,March,7714.0
Northeast,2020-04-01,2020,April,7985.0
Northeast,2020-05-01,2020,May,8274.0
Northeast,2020-06-01,2020,June,8379.0
Northeast,2020-07-01,2020,July,8496.0
Northeast,2020-08-01,2020,August,8519.0
Northeast,2020-09-01,2020,September,8601.0
Northeast,2020-10-01,2020,October,8585.0
Northeast,2020-11-01,2020,November,8629.0
Northeast,2020-12-01,2020,December,8670.0
Northeast,2021-01-01,2021,January,8840.0
Northeast,2021-02-01,2021,February,8873.0
Northeast,2021-03-01,2021,March,9054.0
Northeast,2021-04-01,2021,April,9025.0
Northeast,2021-05-01,2021,May,8944.0
Northeast,2021-06-01,2021,June,9039.0
Northeast,2021-07-01,2021,July,9091.0
Northeast,2021-08-01,2021,August,9246.0
Northeast,2021-09-01,2021,September,9408.0
Northeast,2021-10-01,2021,October,9609.0
Northeast,2021-11-01,2021,November,9663.0
Northeast,2021-12-01,2021,December,9755.0
Northeast,2022-01-01,2022,January,9741.0
Northeast,2022-02-01,2022,February,9816.0
Northeast,2022-03-01,2022,March,9800.0
Northeast,2022-04-01,2022,April,9885.0
Northeast,2022-05-01,2022,May,9895.0
Northeast,2022-06-01,2022,June,9905.0
Northeast,2022-07-01,2022,July,9926.0
Northeast,2022-08-01,2022,August,9894.0
Northeast,2022-09-01,2022,September,9885.0
Northeast,2022-10-01,2022,October,9947.0
Northeast,2022-11-01,2022,November,10028.0
Northeast,2022-12-01,2022,December,10076.0
Northeast,2023-01-01,2023,January,10109.0
Northeast,2023-02-01,2023,February,10106.0
Northeast,2023-03-01,2023,March,10029.0
Northeast,2023-04-01,2023,April,13759.0
Northeast,2023-05-01,2023,May,13847.0
Northeast,2023-06-01,2023,June,10045.0
Northeast,2023-07-01,2023,July,9964.0
Northeast,2023-08-01,2023,August,9929.0
Northeast,2023-09-01,2023,September,9827.0
Northeast,2023-10-01,2023,October,9616.0
Northeast,2023-11-01,2023,November,9481.0
Northeast,2023-12-01,2023,December,9344.0
Northeast,2024-01-01,2024,January,9160.0
Northeast,2024-02-01,2024,February,8967.0
Northeast,2024-03-01,2024,March,11778.0
Northeast,2024-04-01,2024,April,11392.0
Northeast,2024-05-01,2024,May,8174.0
Northeast,2024-06-01,2024,June,7897.0
Northeast,2024-07-01,2024,July,7638.0
Northeast,2024-08-01,2024,August,7297.0
Northeast,2024-09-01,2024,September,6948.0
Northeast,2024-10-01,2024,October,6659.0
Northeast,2024-11-01,2024,November,8498.0
Northeast,2024-12-01,2024,December,8074.0
Northeast,2025-01-01,2025,January,7736.0
Northeast,2025-02-01,2025,February,5465.0
Northeast,2025-03-01,2025,March,5262.0
Northeast,2025-04-01,2025,April,5047.0
Northeast,2025-05-01,2025,May,6791.0
Northeast,2025-06-01,2025,June,6633.0
Northeast,2025-07-01,2025,July,6447.0
Northeast,2025-08-01,2025,August,6291.0
Northeast,2025-09-01,2025,September,6213.0
Northeast,2025-10-01,2025,October,6038.0
Northeast,2025-11-01,2025,November,5958.0
Northeast,2025-12-01,2025,December,5881.0
Northeast,2026-01-01,2026,January,5781.0
Northeast,2026-02-01,2026,February,5657.0
Northeast,2026-03-01,2026,March,5470.0
Northeast,2026-04-01,2026,April,5340.0
South,2015-01-01,2015,January,998.0
South,2015-02-01,2015,February,1080.0
South,2015-03-01,2015,March,1108.0
South,2015-04-01,2015,April,1300.0
South,2015-05-01,2015,May,1316.0
South,2015-06-01,2015,June,1357.0
South,2015-07-01,2015,July,1390.0
South,2015-08-01,2015,August,1746.0
South,2015-09-01,2015,September,1812.0
South,2015-10-01,2015,October,1891.0
South,2015-11-01,2015,November,1914.0
South,2015-12-01,2015,December,2008.0
South,2016-01-01,2016,January,2071.0
South,2016-02-01,2016,February,2182.0
South,2016-03-01,2016,March,2301.0
South,2016-04-01,2016,April,2441.0
South,2016-05-01,2016,May,2640.0
South,2016-06-01,2016,June,2810.0
South,2016-07-01,2016,July,2984.0
South,2016-08-01,2016,August,3178.0
South,2016-09-01,2016,September,3332.0
South,2016-10-01,2016,October,3503.0
South,2016-11-01,2016,November,3753.0
South,2016-12-01,2016,December,3971.0
South,2017-01-01,2017,January,4289.0
South,2017-02-01,2017,February,4458.0
South,2017-03-01,2017,March,4652.0
South,2017-04-01,2017,April,4842.0
South,2017-05-01,2017,May,5030.0
South,2017-06-01,2017,June,5220.0
South,2017-07-01,2017,July,5357.0
South,2017-08-01,2017,August,5546.0
South,2017-09-01,2017,September,5703.0
South,2017-10-01,2017,October,5838.0
South,2017-11-01,2017,November,5904.0
South,2017-12-01,2017,December,6047.0
South,2018-01-01,2018,January,6030.0
South,2018-02-01,2018,February,6875.0
South,2018-03-01,2018,March,7149.0
South,2018-04-01,2018,April,7234.0
South,2018-05-01,2018,May,7243.0
South,2018-06-01,2018,June,7334.0
South,2018-07-01,2018,July,7425.0
South,2018-08-01,2018,August,7467.0
South,2018-09-01,2018,September,7889.0
South,2018-10-01,2018,October,7605.0
South,2018-11-01,2018,November,7652.0
South,2018-12-01,2018,December,7561.0
South,2019-01-01,2019,January,7950.0
South,2019-02-01,2019,February,7985.0
South,2019-03-01,2019,March,8048.0
South,2019-04-01,2019,April,8092.0
South,2019-05-01,2019,May,8151.0
South,2019-06-01,2019,June,8187.0
South,2019-07-01,2019,July,8275.0
South,2019-08-01,2019,August,8335.0
South,2019-09-01,2019,September,8412.0
South,2019-10-01,2019,October,11421.0
South,2019-11-01,2019,November,11665.0
South,2019-12-01,2019,December,11963.0
South,2020-01-01,2020,January,12251.0
South,2020-02-01,2020,February,12600.0
South,2020-03-01,2020,March,13157.0
South,2020-04-01,2020,April,13954.0
South,2020-05-01,2020,May,15325.0
South,2020-06-01,2020,June,16197.0
South,2020-07-01,2020,July,17038.0
South,2020-08-01,2020,August,17855.0
South,2020-09-01,2020,September,18530.0
South,2020-10-01,2020,October,14236.0
South,2020-11-01,2020,November,19579.0
South,2020-12-01,2020,December,15115.0
South,2021-01-01,2021,January,20950.0
South,2021-02-01,2021,February,21557.0
South,2021-03-01,2021,March,22280.0
South,2021-04-01,2021,April,22878.0
South,2021-05-01,2021,May,22769.0
South,2021-06-01,2021,June,23019.0
South,2021-07-01,2021,July,23238.0
South,2021-08-01,2021,August,23740.0
South,2021-09-01,2021,September,24086.0
South,2021-10-01,2021,October,24526.0
South,2021-11-01,2021,November,24568.0
South,2021-12-01,2021,December,25010.0
South,2022-01-01,2022,January,25298.0
South,2022-02-01,2022,February,25581.0
South,2022-03-01,2022,March,25623.0
South,2022-04-01,2022,April,26178.0
South,2022-05-01,2022,May,26170.0
South,2022-06-01,2022,June,26181.0
South,2022-07-01,2022,July,26386.0
South,2022-08-01,2022,August,26539.0
South,2022-09-01,2022,September,26598.0
South,2022-10-01,2022,October,26800.0
South,2022-11-01,2022,November,27000.0
South,2022-12-01,2022,December,27189.0
South,2023-01-01,2023,January,27417.0
South,2023-02-01,2023,February,27460.0
South,2023-03-01,2023,March,27544.0
South,2023-04-01,2023,April,27713.0
South,2023-05-01,2023,May,27908.0
South,2023-06-01,2023,June,27957.0
South,2023-07-01,2023,July,27797.0
South,2023-08-01,2023,August,27683.0
South,2023-09-01,2023,September,27454.0
South,2023-10-01,2023,October,24015.0
South,2023-11-01,2023,November,23798.0
South,2023-12-01,2023,December,23465.0
South,2024-01-01,2024,January,23058.0
South,2024-02-01,2024,February,22648.0
South,2024-03-01,2024,March,21954.0
South,2024-04-01,2024,April,21295.0
South,2024-05-01,2024,May,20592.0
South,2024-06-01,2024,June,19917.0
South,2024-07-01,2024,July,19081.0
South,2024-08-01,2024,August,18190.0
South,2024-09-01,2024,September,17299.0
South,2024-10-01,2024,October,14948.0
South,2024-11-01,2024,November,14227.0
South,2024-12-01,2024,December,13607.0
South,2025-01-01,2025,January,13036.0
South,2025-02-01,2025,February,12435.0
South,2025-03-01,2025,March,12159.0
South,2025-04-01,2025,April,11801.0
South,2025-05-01,2025,May,11474.0
South,2025-06-01,2025,June,11143.0
South,2025-07-01,2025,July,13042.0
South,2025-08-01,2025,August,12716.0
South,2025-09-01,2025,September,12457.0
South,2025-10-01,2025,October,12284.0
South,2025-11-01,2025,November,12145.0
South,2025-12-01,2025,December,11928.0
South,2026-01-01,2026,January,9698.0
South,2026-02-01,2026,February,9507.0
South,2026-03-01,2026,March,9021.0
South,2026-04-01,2026,April,8133.0
West,2015-01-01,2015,January,305.0
West,2015-02-01,2015,February,290.0
West,2015-03-01,2015,March,283.0
West,2015-04-01,2015,April,287.0
West,2015-05-01,2015,May,290.0
West,2015-06-01,2015,June,296.0
West,2015-07-01,2015,July,300.0
West,2015-08-01,2015,August,306.0
West,2015-09-01,2015,September,309.0
West,2015-10-01,2015,October,324.0
West,2015-11-01,2015,November,300.0
West,2015-12-01,2015,December,278.0
West,2016-01-01,2016,January,289.0
West,2016-02-01,2016,February,303.0
West,2016-03-01,2016,March,324.0
West,2016-04-01,2016,April,329.0
West,2016-05-01,2016,May,350.0
West,2016-06-01,2016,June,362.0
West,2016-07-01,2016,July,360.0
West,2016-08-01,2016,August,376.0
West,2016-09-01,2016,September,375.0
West,2016-10-01,2016,October,367.0
West,2016-11-01,2016,November,385.0
West,2016-12-01,2016,December,386.0
West,2017-01-01,2017,January,402.0
West,2017-02-01,2017,February,402.0
West,2017-03-01,2017,March,414.0
West,2017-04-01,2017,April,419.0
West,2017-05-01,2017,May,420.0
West,2017-06-01,2017,June,620.0
West,2017-07-01,2017,July,652.0
West,2017-08-01,2017,August,666.0
West,2017-09-01,2017,September,688.0
West,2017-10-01,2017,October,727.0
West,2017-11-01,2017,November,749.0
West,2017-12-01,2017,December,798.0
West,2018-01-01,2018,January,819.0
West,2018-02-01,2018,February,850.0
West,2018-03-01,2018,March,892.0
West,2018-04-01,2018,April,935.0
West,2018-05-01,2018,May,944.0
West,2018-06-01,2018,June,981.0
West,2018-07-01,2018,July,1123.0
West,2018-08-01,2018,August,1177.0
West,2018-09-01,2018,September,1202.0
West,2018-10-01,2018,October,1105.0
West,2018-11-01,2018,November,1255.0
West,2018-12-01,2018,December,1296.0
West,2019-01-01,2019,January,1350.0
West,2019-02-01,2019,February,1380.0
West,2019-03-01,2019,March,1412.0
West,2019-04-01,2019,April,1461.0
West,2019-05-01,2019,May,1493.0
West,2019-06-01,2019,June,2672.0
West,2019-07-01,2019,July,2828.0
West,2019-08-01,2019,August,2946.0
West,2019-09-01,2019,September,2904.0
West,2019-10-01,2019,October,3251.0
West,2019-11-01,2019,November,3440.0
West,2019-12-01,2019,December,3653.0
West,2020-01-01,2020,January,3862.0
West,2020-02-01,2020,February,4096.0
West,2020-03-01,2020,March,4420.0
West,2020-04-01,2020,April,4808.0
West,2020-05-01,2020,May,5322.0
West,2020-06-01,2020,June,5765.0
West,2020-07-01,2020,July,6266.0
West,2020-08-01,2020,August,6812.0
West,2020-09-01,2020,September,7129.0
West,2020-10-01,2020,October,7493.0
West,2020-11-01,2020,November,7834.0
West,2020-12-01,2020,December,8126.0
West,2021-01-01,2021,January,8593.0
West,2021-02-01,2021,February,8968.0
West,2021-03-01,2021,March,9350.0
West,2021-04-01,2021,April,9821.0
West,2021-05-01,2021,May,10170.0
West,2021-06-01,2021,June,10541.0
West,2021-07-01,2021,July,10840.0
West,2021-08-01,2021,August,11141.0
West,2021-09-01,2021,September,11561.0
West,2021-10-01,2021,October,11938.0
West,2021-11-01,2021,November,12244.0
West,2021-12-01,2021,December,12542.0
West,2022-01-01,2022,January,12711.0
West,2022-02-01,2022,February,13068.0
West,2022-03-01,2022,March,13207.0
West,2022-04-01,2022,April,13259.0
West,2022-05-01,2022,May,13306.0
West,2022-06-01,2022,June,13309.0
West,2022-07-01,2022,July,13467.0
West,2022-08-01,2022,August,13535.0
West,2022-09-01,2022,September,13676.0
West,2022-10-01,2022,October,13827.0
West,2022-11-01,2022,November,14061.0
West,2022-12-01,2022,December,14479.0
West,2023-01-01,2023,January,14858.0
West,2023-02-01,2023,February,14976.0
West,2023-03-01,2023,March,15368.0
West,2023-04-01,2023,April,15786.0
West,2023-05-01,2023,May,16169.0
West,2023-06-01,2023,June,16538.0
West,2023-07-01,2023,July,16954.0
West,2023-08-01,2023,August,17248.0
West,2023-09-01,2023,September,17419.0
West,2023-10-01,2023,October,17557.0
West,2023-11-01,2023,November,17594.0
West,2023-12-01,2023,December,17490.0
West,2024-01-01,2024,January,17344.0
West,2024-02-01,2024,February,17290.0
West,2024-03-01,2024,March,17056.0
West,2024-04-01,2024,April,16731.0
West,2024-05-01,2024,May,16428.0
West,2024-06-01,2024,June,16106.0
West,2024-07-01,2024,July,15441.0
West,2024-08-01,2024,August,14747.0
West,2024-09-01,2024,September,14113.0
West,2024-10-01,2024,October,13626.0
West,2024-11-01,2024,November,13299.0
West,2024-12-01,2024,December,13070.0
West,2025-01-01,2025,January,12946.0
West,2025-02-01,2025,February,12915.0
West,2025-03-01,2025,March,12956.0
West,2025-04-01,2025,April,12962.0
West,2025-05-01,2025,May,12862.0
West,2025-06-01,2025,June,12707.0
West,2025-07-01,2025,July,12776.0
West,2025-08-01,2025,August,12921.0
West,2025-09-01,2025,September,12316.0
West,2025-10-01,2025,October,12286.0
West,2025-11-01,2025,November,12179.0
West,2025-12-01,2025,December,11996.0
West,2026-01-01,2026,January,11110.0
West,2026-02-01,2026,February,10909.0
West,2026-03-01,2026,March,10585.0
West,2026-04-01,2026,April,10273.0
